<?xml version="1.0" encoding="UTF-8"?>
<!--
    This configuration file was written by the eclipse-cs plugin configuration editor
-->
<!--
    Checkstyle-Configuration: mockito-code
    Description: none
-->
<!DOCTYPE module PUBLIC "-//Puppy Crawl//DTD Check Configuration 1.2//EN" "http://www.puppycrawl.com/dtds/configuration_1_2.dtd">
<module name="Checker">
    <property name="severity" value="warning"/>
    <module name="TreeWalker">
        <property name="tabWidth" value="4"/>
        <module name="JavadocMethod">
            <property name="severity" value="ignore"/>
            <property name="logLoadErrors" value="true"/>
            <property name="suppressLoadErrors" value="true"/>
        </module>
        <module name="JavadocType">
            <property name="severity" value="ignore"/>
        </module>
        <module name="JavadocVariable">
            <property name="severity" value="ignore"/>
        </module>
        <module name="JavadocStyle">
            <property name="checkFirstSentence" value="false"/>
        </module>
        <module name="ConstantName"/>
        <module name="LocalFinalVariableName"/>
        <module name="LocalVariableName"/>
        <module name="MemberName"/>
        <module name="MethodName">
            <property name="severity" value="ignore"/>
        </module>
        <module name="PackageName"/>
        <module name="ParameterName"/>
        <module name="StaticVariableName"/>
        <module name="TypeName"/>
        <module name="AvoidStarImport"/>
        <module name="IllegalImport"/>
        <module name="RedundantImport"/>
        <module name="UnusedImports">
            <property name="severity" value="ignore"/>
        </module>
        <module name="FileLength"/>
        <module name="LineLength">
            <property name="severity" value="ignore"/>
        </module>
        <module name="MethodLength"/>
        <module name="ParameterNumber"/>
        <module name="EmptyForIteratorPad"/>
        <module name="MethodParamPad"/>
        <module name="NoWhitespaceAfter">
            <property name="tokens" value="BNOT,DEC,DOT,INC,LNOT,UNARY_MINUS,UNARY_PLUS"/>
        </module>
        <module name="NoWhitespaceBefore"/>
        <module name="OperatorWrap">
            <property name="tokens" value="BAND,BOR,BSR,BXOR,COLON,DIV,EQUAL,GE,GT,LAND,LE,LITERAL_INSTANCEOF,LOR,LT,MINUS,MOD,NOT_EQUAL,QUESTION,SL,SR,STAR"/>
        </module>
        <module name="ParenPad">
            <property name="severity" value="ignore"/>
            <property name="tokens" value="CTOR_CALL,METHOD_CALL,SUPER_CTOR_CALL"/>
        </module>
        <module name="TypecastParenPad"/>
        <module name="TabCharacter"/>
        <module name="WhitespaceAfter"/>
        <module name="WhitespaceAround">
            <property name="severity" value="ignore"/>
            <property name="tokens" value="ASSIGN,BAND,BAND_ASSIGN,BOR,BOR_ASSIGN,BSR,BSR_ASSIGN,BXOR,BXOR_ASSIGN,COLON,DIV,DIV_ASSIGN,EQUAL,GE,GT,LAND,LE,LITERAL_ASSERT,LITERAL_CATCH,LITERAL_DO,LITERAL_ELSE,LITERAL_FINALLY,LITERAL_FOR,LITERAL_IF,LITERAL_RETURN,LITERAL_SYNCHRONIZED,LITERAL_TRY,LITERAL_WHILE,LOR,LT,MINUS,MINUS_ASSIGN,MOD,MOD_ASSIGN,NOT_EQUAL,PLUS,PLUS_ASSIGN,QUESTION,SL,SLIST,SL_ASSIGN,SR,SR_ASSIGN,STAR,STAR_ASSIGN,LITERAL_ASSERT,TYPE_EXTENSION_AND"/>
        </module>
        <module name="ModifierOrder"/>
        <module name="RedundantModifier"/>
        <module name="AvoidNestedBlocks"/>
        <module name="EmptyBlock">
            <property name="severity" value="ignore"/>
        </module>
        <module name="LeftCurly"/>
        <module name="NeedBraces"/>
        <module name="RightCurly"/>
        <module name="AvoidInlineConditionals">
            <property name="severity" value="ignore"/>
        </module>
        <module name="DoubleCheckedLocking"/>
        <module name="EmptyStatement"/>
        <module name="EqualsHashCode"/>
        <module name="HiddenField">
            <property name="severity" value="ignore"/>
        </module>
        <module name="IllegalInstantiation"/>
        <module name="InnerAssignment"/>
        <module name="MagicNumber">
            <property name="severity" value="ignore"/>
        </module>
        <module name="MissingSwitchDefault"/>
        <module name="RedundantThrows">
            <property name="logLoadErrors" value="true"/>
            <property name="suppressLoadErrors" value="true"/>
        </module>
        <module name="SimplifyBooleanExpression">
            <property name="severity" value="ignore"/>
        </module>
        <module name="SimplifyBooleanReturn"/>
        <module name="DesignForExtension">
            <property name="severity" value="ignore"/>
        </module>
        <module name="FinalClass">
            <property name="severity" value="ignore"/>
        </module>
        <module name="HideUtilityClassConstructor">
            <property name="severity" value="ignore"/>
        </module>
        <module name="InterfaceIsType"/>
        <module name="VisibilityModifier">
            <property name="severity" value="ignore"/>
            <property name="packageAllowed" value="true"/>
            <property name="protectedAllowed" value="true"/>
        </module>
        <module name="ArrayTypeStyle"/>
        <module name="FinalParameters">
            <property name="severity" value="ignore"/>
        </module>
        <module name="GenericIllegalRegexp">
            <property name="severity" value="ignore"/>
            <property name="format" value="\s+$"/>
            <property name="message" value="Line has trailing spaces."/>
        </module>
        <module name="TodoComment"/>
        <module name="UpperEll"/>
    </module>
    <module name="PackageHtml"/>
    <module name="NewlineAtEndOfFile">
        <property name="severity" value="ignore"/>
    </module>
    <module name="Translation"/>
</module>
